MARCIN,PHE
207,207
207,207
764,764
764,764
778,778
778,778
779,779
779,779
792,792
792,792
793,793
793,793
NK807,807
NK807,807
4226,4226
4226,4226
4722,4722
4722,4722
AS5707,5707
AS5707,5707
11430,11430
11430,11430
DK78010,78010
DK78010,78010
29MIBZ2,29MIBZ2
29MIBZ2,29MIBZ2
2FACC,2FACC
2FACC,2FACC
2MA22,2MA22
2MA22,2MA22
33-16,33-16
33-16,33-16
38-11,38-11
38-11,38-11
DK3IIH6,3IIH6
DK3IIH6,3IIH6
DK4676A,4676A
DK4676A,4676A
6F629,6F629
6F629,6F629
DK78371A,78371A
DK78371A,78371A
78551S,78551S
78551S,78551S
A188,A188
A188,A188
A239,A239
A239,A239
A441-5,A441-5
A441-5,A441-5
A554,A554
A554,A554
A619,A619
A619,A619
A632,A632
A632,A632
A634,A634
A634,A634
A635,A635
A635,A635
A641,A641
A641,A641
A654,A654
A654,A654
A659,A659
A659,A659
A661,A661
A661,A661
A679,A679
A679,A679
A680,A680
A680,A680
A682,A682
A682,A682
AQA3,AQA3
AQA3,AQA3
B10,B10
B10,B10
B103,B103
B103,B103
B104,B104
B104,B104
B109,B109
B109,B109
B14A,B14A
B14A,B14A
B164,B164
B164,B164
B2,B2
B2,B2
B37,B37
B37,B37
B46,B46
B46,B46
B52,B52
B52,B52
B57,B57
B57,B57
B64,B64
B64,B64
B68,B68
B68,B68
B73Htrhm,B73Htrhm
B73Htrhm,B73Htrhm
B75,B75
B75,B75
B76,B76
B76,B76
B77,B77
B77,B77
B79,B79
B79,B79
B84,B84
B84,B84
B97,B97
B97,B97
Black_Jewell_85,Black Jewell 85
Black_Jewell_85,Black Jewell 85
BO9,BO9
BO9,BO9
C103,C103
C103,C103
C49A,C49A
C49A,C49A
CH701-30,CH701-30
CH701-30,CH701-30
CH9,CH9
CH9,CH9
Ci7Goodman-Buckler,CI.7
Ci7Goodman-Buckler,CI.7
CI_187-2,CI187-2
CI_187-2,CI187-2
CI_21E,CI21E
CI_21E,CI21E
CI_28A,CI28A
CI_28A,CI28A
CI31A,CI31A
CI31A,CI31A
CI_3A,CI3A
CI_3A,CI3A
CI_64,CI64
CI_64,CI64
CI66,CI66
CI66,CI66
CI90C,CI90C
CI90C,CI90C
CI_91B,CI91B
CI_91B,CI91B
CM105,CM105
CM105,CM105
CM174,CM174
CM174,CM174
CM37,CM37
CM37,CM37
CML10,CML10
CML10,CML10
CML103,CML103
CML103,CML103
CML_108,CML108
CML_108,CML108
CML11,CML11
CML11,CML11
CML_154Q,CML154Q
CML_154Q,CML154Q
CML_220,CML220
CML_220,CML220
CML238,CML238
CML238,CML238
CML_247,CML247
CML_247,CML247
CML_254,CML254
CML_254,CML254
CML261,CML261
CML261,CML261
CML_264,CML264
CML_264,CML264
CML_277,CML277
CML_277,CML277
CML281,CML281
CML281,CML281
CML_287,CML287
CML_287,CML287
CML321,CML321
CML321,CML321
CML_322,CML322
CML_322,CML322
CML_323,CML323
CML_323,CML323
CML328,CML328
CML328,CML328
CML331,CML331
CML331,CML331
CML332,CML332
CML332,CML332
CML333,CML333
CML333,CML333
CML38,CML38
CML38,CML38
CML_52,CML52
CML_52,CML52
CML69,CML69
CML69,CML69
CML91,CML91
CML91,CML91
CML92,CML92
CML92,CML92
CO125,CO125
CO125,CO125
CO255,CO255
CO255,CO255
CQ702RC,CQ702RC
CQ702RC,CQ702RC
CR14,CR14
CR14,CR14
CR1HT,CR1HT
CR1HT,CR1HT
CS405,CS405
CS405,CS405
D940Y,D940Y
D940Y,D940Y
DE2,DE_2
DE2,DE_2
DE1,DE1
DE1,DE1
DE811,DE811
DE811,DE811
DJ7,DJ7
DJ7,DJ7
E2558W,E2558W
E2558W,E2558W
E8501,E8501
E8501,E8501
EP1,EP1
EP1,EP1
F118,F118
F118,F118
F2834T,F2834T
F2834T,F2834T
F42,F42
F42,F42
F7,F7
F7,F7
DKFAPW,FAPW
DKFAPW,FAPW
DKFBHJ,FBHJ
DKFBHJ,FBHJ
FBLA,FBLA
FBLA,FBLA
FR19,FR19
FR19,FR19
G80,G80
G80,G80
GA209,GA209
GA209,GA209
H105W,H105W
H105W,H105W
H49,H49
H49,H49
H84,H84
H84,H84
NKH8431,H8431
NKH8431,H8431
H91,H91
H91,H91
H95,H95
H95,H95
H99,H99
H99,H99
HB8229,HB8229
HB8229,HB8229
HBA1,HBA1
HBA1,HBA1
Hi27Goodman-Buckler,Hi27
Hi27Goodman-Buckler,Hi27
HP301,HP301
HP301,HP301
Hy,Hy
Hy,Hy
I137TN,I137TN
I137TN,I137TN
I_205,I205
I_205,I205
I29,I29
I29,I29
IA2132,IA2132
IA2132,IA2132
Ia5125,Ia5125
Ia5125,Ia5125
ICI_740,ICI 740
ICI_740,ICI 740
IDS28,IDS28
IDS28,IDS28
IDS69,IDS69
IDS69,IDS69
IDS91,IDS91
IDS91,IDS91
Il14H,Il14H
Il14H,Il14H
Il677a,Il677a
Il677a,Il677a
K4,K4
K4,K4
K55,K55
K55,K55
K64,K64
K64,K64
Ki11,Ki11
Ki11,Ki11
Ki14,Ki14
Ki14,Ki14
Ki2021,Kui2021
Ki2021,Kui2021
Ky21,Ky21
Ky21,Ky21
Ky226,Ky226
Ky226,Ky226
KY228,KY228
KY228,KY228
L_127,L127
L_127,L127
L317,L317
L317,L317
L578,L578
L578,L578
LH1,LH1
LH1,LH1
LH123HT,LH123HT
LH123HT,LH123HT
LH145,LH145
LH145,LH145
LH146Ht,LH146Ht
LH146Ht,LH146Ht
LH150,LH150
LH150,LH150
LH183,LH183
LH183,LH183
LH208,LH208
LH208,LH208
LH213,LH213
LH213,LH213
LH38,LH38
LH38,LH38
LH39,LH39
LH39,LH39
LH51,LH51
LH51,LH51
LH54,LH54
LH54,LH54
LH57,LH57
LH57,LH57
LH60,LH60
LH60,LH60
LH74,LH74
LH74,LH74
LH82,LH82
LH82,LH82
LH85,LH85
LH85,LH85
LH93,LH93
LH93,LH93
LP1_NR_Ht,LP1 NR HT
LP1_NR_Ht,LP1 NR HT
LP5,LP5
LP5,LP5
M162W,M162W
M162W,M162W
M37W,M37W
M37W,M37W
DKMBNA,MBNA
DKMBNA,MBNA
MBST,MBST
MBST,MBST
DKMDF-13D,MDF-13D
DKMDF-13D,MDF-13D
ML606,ML606
ML606,ML606
Mo17,Mo17
Mo17,Mo17
MO18W,Mo18W
MO18W,Mo18W
Mo1W,MO1W
Mo1W,MO1W
Mo24W,Mo24W
Mo24W,Mo24W
Mo44,Mo44
Mo44,Mo44
Mo45,Mo45
Mo45,Mo45
Mo46,Mo46
Mo46,Mo46
Mo47,Mo47
Mo47,Mo47
MoG,MoG
MoG,MoG
MQ305,MQ305
MQ305,MQ305
MS1334,MS1334
MS1334,MS1334
MS71,MS71
MS71,MS71
Mt42,Mt42
Mt42,Mt42
N192,N192
N192,N192
N28Ht,N28Ht
N28Ht,N28Ht
N6,N6
N6,N6
N7A,N7A
N7A,N7A
NC222,NC222
NC222,NC222
NC230,NC230
NC230,NC230
NC232,NC232
NC232,NC232
NC234,NC234
NC234,NC234
NC236,NC236
NC236,NC236
NC250,NC250
NC250,NC250
NC258,NC258
NC258,NC258
NC260,NC260
NC260,NC260
NC262,NC262
NC262,NC262
NC264,NC264
NC264,NC264
NC290A,NC290A
NC290A,NC290A
NC294,NC294
NC294,NC294
NC296,NC296
NC296,NC296
NC298,NC298
NC298,NC298
NC300,NC300
NC300,NC300
NC302,NC302
NC302,NC302
NC306,NC306
NC306,NC306
NC310,NC310
NC310,NC310
NC314,NC314
NC314,NC314
NC318,NC318
NC318,NC318
NC320,NC320
NC320,NC320
NC326,NC326
NC326,NC326
NC328,NC328
NC328,NC328
NC33,NC33
NC33,NC33
NC336,NC336
NC336,NC336
NC338,NC338
NC338,NC338
NC340,NC340
NC340,NC340
NC342,NC342
NC342,NC342
NC344,NC344
NC344,NC344
NC346,NC346
NC346,NC346
NC348,NC348
NC348,NC348
NC350,NC350
NC350,NC350
NC352,NC352
NC352,NC352
NC356,NC356
NC356,NC356
NC358,NC358
NC358,NC358
NC360,NC360
NC360,NC360
NC362,NC362
NC362,NC362
NC364,NC364
NC364,NC364
NC366,NC366
NC366,NC366
NC368,NC368
NC368,NC368
ND246,ND246
ND246,ND246
NQ508,NQ508
NQ508,NQ508
NS501,NS501
NS501,NS501
NS701,NS701
NS701,NS701
Oh40B,Oh40B
Oh40B,Oh40B
Oh43,Oh43
Oh43,Oh43
Oh43E,Oh43E
Oh43E,Oh43E
OH7B,OH7B
OH7B,OH7B
OQ403,OQ403
OQ403,OQ403
Os420,Os420
Os420,Os420
P39,P39
P39,P39
Pa762,Pa762
Pa762,Pa762
Pa875,Pa875
Pa875,Pa875
Pa880,Pa880
Pa880,Pa880
Pa91,Pa91
Pa91,Pa91
DKPB80,PB80
DKPB80,PB80
PHG35,PHG35
PHG35,PHG35
PHG39,PHG39
PHG39,PHG39
PHG47,PHG47
PHG47,PHG47
PHG50,PHG50
PHG50,PHG50
PHG71,PHG71
PHG71,PHG71
PHG72,PHG72
PHG72,PHG72
PHG83,PHG83
PHG83,PHG83
PHG84,PHG84
PHG84,PHG84
PHG86,PHG86
PHG86,PHG86
PHH93,PHH93
PHH93,PHH93
PHJ40,PHJ40
PHJ40,PHJ40
PHK76,PHK76
PHK76,PHK76
PHN11,PHN11
PHN11,PHN11
PHR36,PHR36
PHR36,PHR36
PHT77,PHT77
PHT77,PHT77
PHV63,PHV63
PHV63,PHV63
PHW17,PHW17
PHW17,PHW17
PHW43,PHW43
PHW43,PHW43
PHW65,PHW65
PHW65,PHW65
PHWG5,PHWG5
PHWG5,PHWG5
PHZ51,PHZ51
PHZ51,PHZ51
POP-N-EAT,POP-N-EAT
POP-N-EAT,POP-N-EAT
Q381,Q381
Q381,Q381
R109B,R109B
R109B,R109B
R168,R168
R168,R168
R177,R177
R177,R177
R229,R229
R229,R229
R4,R4
R4,R4
RS_710,RS 710
RS_710,RS 710
S8324,S8324
S8324,S8324
S8326,S8326
S8326,S8326
SA24,SA24
SA24,SA24
SC357,SC357
SC357,SC357
SC55,SC55
SC55,SC55
SD40,SD40
SD40,SD40
SD44,SD44
SD44,SD44
Seagull_Seventeen,Seagull Seventeen
Seagull_Seventeen,Seagull Seventeen
Sg1533,Sg1533
Sg1533,Sg1533
Sg18,Sg18
Sg18,Sg18
T234,T234
T234,T234
T8,T8
T8,T8
Tx303,Tx303
Tx303,Tx303
Tx601,Tx601
Tx601,Tx601
Tzi10,Tzi10
Tzi10,Tzi10
Tzi11,Tzi11
Tzi11,Tzi11
Tzi16,Tzi16
Tzi16,Tzi16
Tzi18,Tzi18
Tzi18,Tzi18
Tzi25,Tzi25
Tzi25,Tzi25
Va14,Va14
Va14,Va14
Va17,Va17
Va17,Va17
Va22,Va22
Va22,Va22
Va26,Va26
Va26,Va26
Va35,Va35
Va35,Va35
Va59,Va59
Va59,Va59
Va85,Va85
Va85,Va85
Va99,Va99
Va99,Va99
W117HT,W117HT
W117HT,W117HT
W153R,W153R
W153R,W153R
W182B,W182B
W182B,W182B
W22,W22
W22,W22
W64A,W64A
W64A,W64A
Wf9,Wf9
Wf9,Wf9
WIL500,WIL500
WIL500,WIL500
YU796NS,Yu796_NS
YU796NS,Yu796_NS
ZS365,ZS365
ZS365,ZS365
